{"cameraMode":{"drawMode":0,"name":"Shaded","section":"Shading Mode"},"sceneLighting":true,"audioPlay":false,"sceneViewState":{"m_AlwaysRefresh":false,"showFog":true,"showSkybox":true,"showFlares":true,"showImageEffects":true,"showParticleSystems":true,"showVisualEffectGraphs":true,"m_FxEnabled":true},"in2DMode":false,"pivot":{"x":1.4722918272018433,"y":1.8132432699203492,"z":-18.99043083190918},"rotation":{"x":0.18934011459350587,"y":-0.057412080466747287,"z":0.011091404594480992,"w":0.9802278876304627},"size":0.4330155849456787,"orthographic":false}