{"cameraMode":{"drawMode":0,"name":"Shaded","section":"Shading Mode"},"sceneLighting":true,"audioPlay":false,"sceneViewState":{"m_AlwaysRefresh":false,"showFog":true,"showSkybox":true,"showFlares":true,"showImageEffects":true,"showParticleSystems":true,"showVisualEffectGraphs":true,"m_FxEnabled":true},"in2DMode":false,"pivot":{"x":-0.10598576068878174,"y":1.3864080905914307,"z":-18.261213302612306},"rotation":{"x":0.16416825354099275,"y":0.5231838226318359,"z":-0.1035175770521164,"w":0.8298860192298889},"size":0.4330155849456787,"orthographic":false}